URL,Status
https://web.dio.me/articles/programa-em-python-para-automacao-de-pesquisas-no-edge?back=%2Fhome&page=1&order=oldest,Concluída
https://web.dio.me/articles/programa-em-python-para-automacao-de-pesquisas-no-edge?back=%2Fhome&page=1&order=oldest,Concluída
https://web.dio.me/articles/programa-em-python-para-automacao-de-pesquisas-no-edge?back=%2Fhome&page=1&order=oldest,Concluída
https://web.dio.me/articles/programa-em-python-para-automacao-de-pesquisas-no-edge?back=%2Fhome&page=1&order=oldest,Concluída
https://web.dio.me/articles/programa-em-python-para-automacao-de-pesquisas-no-edge?back=%2Fhome&page=1&order=oldest,Concluída
https://web.dio.me/articles/programa-em-python-para-automacao-de-pesquisas-no-edge?back=%2Fhome&page=1&order=oldest,Concluída
https://web.dio.me/articles/programa-em-python-para-automacao-de-pesquisas-no-edge?back=%2Fhome&page=1&order=oldest,Concluída
https://web.dio.me/articles/programa-em-python-para-automacao-de-pesquisas-no-edge?back=%2Fhome&page=1&order=oldest,Concluída
https://web.dio.me/articles/programa-em-python-para-automacao-de-pesquisas-no-edge?back=%2Fhome&page=1&order=oldest,Concluída
https://web.dio.me/articles/programa-em-python-para-automacao-de-pesquisas-no-edge?back=%2Fhome&page=1&order=oldest,Concluída
https://web.dio.me/articles/programa-em-python-para-automacao-de-pesquisas-no-edge?back=%2Fhome&page=1&order=oldest,Concluída
https://web.dio.me/articles/programa-em-python-para-automacao-de-pesquisas-no-edge?back=%2Fhome&page=1&order=oldest,Concluída
https://web.dio.me/articles/programa-em-python-para-automacao-de-pesquisas-no-edge?back=%2Fhome&page=1&order=oldest,Concluída
https://www.youtube.com/shorts/yRMN-ymQReE,Concluída
https://www.youtube.com/shorts/yRMN-ymQReE,Concluída
https://www.youtube.com/shorts/yRMN-ymQReE,Concluída
https://www.youtube.com/shorts/yRMN-ymQReE,Concluída
https://www.youtube.com/shorts/yRMN-ymQReE,Concluída
https://www.youtube.com/shorts/yRMN-ymQReE,Concluída
https://www.youtube.com/shorts/yRMN-ymQReE,Concluída
https://www.youtube.com/shorts/yRMN-ymQReE,Concluída
https://www.youtube.com/shorts/yRMN-ymQReE,Concluída
https://www.youtube.com/shorts/yRMN-ymQReE,Concluída
